epoch,time,train/loss,metrics/accuracy_top1,metrics/accuracy_top5,val/loss,lr/pg0,lr/pg1,lr/pg2
1,1.81044,0.62021,1,1,0.5428,8.335e-05,8.335e-05,8.335e-05
2,3.46745,0.59875,1,1,0.4846,0.000157436,0.000157436,0.000157436
3,4.82544,0.66021,1,1,0.40747,0.000203231,0.000203231,0.000203231
4,5.97706,0.50277,0.83333,1,0.43543,0.000220735,0.000220735,0.000220735
5,7.17757,0.53456,0.83333,1,0.36675,0.000209947,0.000209947,0.000209947
6,8.56921,0.60066,1,1,0.35728,0.000170868,0.000170868,0.000170868
